{"Confusion matrix": {"_type": "image-file", "sha256": "653a4a078d2215fb92921ca60ca78382c7cb656bca0f26b989d58c630e7d54fb", "size": 19769, "path": "media/images/Confusion matrix_167_653a4a078d2215fb9292.png", "format": "png", "width": 1500, "height": 1000, "caption": "CM"}, "_timestamp": 1654703098, "_runtime": 200, "_step": 169, "train loss: ": 0.7060829997062683, "train accuracy: ": 0.75, "epoch": 10, "trainer/global_step": 7420, "val loss: ": 1.3363481760025024, "val accuracy: ": 0.5814189314842224, "dim:": 7.0, "test accuracy: ": 0.5746726393699646, "_wandb": {"runtime": 198}}