{"Confusion matrix": {"_type": "image-file", "sha256": "6e47e02c0f95833ee836f47228403f13542fbbed01ce7eba04e00a5482149a89", "size": 19291, "path": "media/images/Confusion matrix_100_6e47e02c0f95833ee836.png", "format": "png", "width": 1500, "height": 1000, "caption": "CM"}, "_timestamp": 1654704986, "_runtime": 323, "_step": 103, "train loss: ": 0.3590492010116577, "train accuracy: ": 0.8125, "epoch": 6, "trainer/global_step": 4543, "val loss: ": 1.390282392501831, "val accuracy: ": 0.5777027010917664, "dim:": 7.0, "test accuracy: ": 0.5660350918769836, "_wandb": {"runtime": 322}}