{"Confusion matrix": {"_type": "image-file", "sha256": "899362b38c518af3da6322b868ff47a4623e0ccd3ec268fcb01713432f5c6c19", "size": 22361, "path": "media/images/Confusion matrix_31_899362b38c518af3da63.png", "format": "png", "width": 1500, "height": 1000, "caption": "CM"}, "_timestamp": 1654243855, "_runtime": 30, "_step": 34, "train_loss_iter": 0.5830423831939697, "epoch": 1, "trainer/global_step": 1500, "val_loss_iter": 0.3788626194000244, "train_loss_epoch": 568.1248779296875, "test_loss": 0.3707922101020813, "_wandb": {"runtime": 29}}