{"Confusion matrix": {"_type": "image-file", "sha256": "668e355a9845c65cf66779459ff4413d8ea2e6849b06af1479cbefcecf80067c", "size": 19853, "path": "media/images/Confusion matrix_100_668e355a9845c65cf667.png", "format": "png", "width": 1500, "height": 1000, "caption": "CM"}, "_timestamp": 1654705349, "_runtime": 302, "_step": 108, "train loss: ": 0.5803083181381226, "train accuracy: ": 0.8125, "epoch": 6, "trainer/global_step": 4799, "val loss: ": 1.115053415298462, "val accuracy: ": 0.6195945739746094, "dim:": 7.0, "_wandb": {"runtime": 304}}