{"Confusion matrix": {"_type": "image-file", "sha256": "7a15ab0e0c77a66d6ece5ca195c820534f3922348d7b8d4b5bb293cd7a02c285", "size": 19093, "path": "media/images/Confusion matrix_234_7a15ab0e0c77a66d6ece.png", "format": "png", "width": 1500, "height": 1000, "caption": "CM"}, "_timestamp": 1654702764, "_runtime": 271, "_step": 236, "train loss: ": 0.7066406011581421, "train accuracy: ": 0.71875, "epoch": 14, "trainer/global_step": 10388, "val loss: ": 1.5297186374664307, "val accuracy: ": 0.5483108162879944, "dim:": 7.0, "test accuracy: ": 0.5441626906394958, "_wandb": {"runtime": 270}}