{"Confusion matrix": {"_type": "image-file", "sha256": "53e0352b79f3dd7c90d978bf00f2285ddc121a7758d51e7bef2d4528e8125dd9", "size": 20418, "path": "media/images/Confusion matrix_238_53e0352b79f3dd7c90d9.png", "format": "png", "width": 1500, "height": 1000, "caption": "CM"}, "_timestamp": 1654613857, "_runtime": 264, "_step": 239, "train loss: ": 0.156187504529953, "train accuracy: ": 0.96875, "epoch": 11, "trainer/global_step": 10763, "val loss: ": 1.6022968292236328, "val accuracy: ": 0.6019810438156128, "_wandb": {"runtime": 263}}