{"Confusion matrix": {"_type": "image-file", "sha256": "8c83f76e65bf90c7891a294da8c8941c8482d8c5b1801cd6653b747963927870", "size": 20944, "path": "media/images/Confusion matrix_238_8c83f76e65bf90c7891a.png", "format": "png", "width": 1500, "height": 1000, "caption": "CM"}, "_timestamp": 1654616068, "_runtime": 263, "_step": 239, "train loss: ": 0.08733923733234406, "train accuracy: ": 1.0, "epoch": 11, "trainer/global_step": 10763, "val loss: ": 1.666102409362793, "val accuracy: ": 0.6003069281578064, "_wandb": {"runtime": 263}}