{"Confusion matrix": {"_type": "image-file", "sha256": "9b1ee36adbbc6c643cda130e4057693a22b8c17b3959772873a57663e1ae8678", "size": 20793, "path": "media/images/Confusion matrix_138_9b1ee36adbbc6c643cda.png", "format": "png", "width": 1500, "height": 1000, "caption": "CM"}, "_timestamp": 1654617871, "_runtime": 154, "_step": 139, "train loss: ": 0.4512091875076294, "train accuracy: ": 0.84375, "epoch": 6, "trainer/global_step": 6278, "val loss: ": 1.1612908840179443, "val accuracy: ": 0.5916573405265808, "_wandb": {"runtime": 153}}