{"Confusion matrix": {"_type": "image-file", "sha256": "c7ef74006c4cacd273f904a1e3c43d9f592c6b2080f145bcfb57ba400e13ed7e", "size": 21965, "path": "media/images/Confusion matrix_31_c7ef74006c4cacd273f9.png", "format": "png", "width": 1500, "height": 1000, "caption": "CM"}, "_timestamp": 1654257977, "_runtime": 35, "_step": 34, "train_loss_iter": 0.14441841840744019, "epoch": 1, "trainer/global_step": 1500, "val_loss_iter": 0.3623383641242981, "train_loss_epoch": 558.6513671875, "test_loss": 0.33993542194366455, "_wandb": {"runtime": 33}}