{"Confusion matrix": {"_type": "image-file", "sha256": "6b6c9f57c09c4a87641154389b9cb1c64304190167559309835088110d8001c2", "size": 19189, "path": "media/images/Confusion matrix_184_6b6c9f57c09c4a876411.png", "format": "png", "width": 1500, "height": 1000, "caption": "CM"}, "_timestamp": 1654704427, "_runtime": 218, "_step": 186, "train loss: ": 0.3784807026386261, "train accuracy: ": 0.8125, "epoch": 11, "trainer/global_step": 8162, "val loss: ": 1.5050573348999023, "val accuracy: ": 0.5445945858955383, "dim:": 7.0, "test accuracy: ": 0.5363610982894897, "_wandb": {"runtime": 218}}