{"train_loss_iter": 0.7550269961357117, "epoch": 3, "trainer/global_step": 4500, "_timestamp": 1654183772, "_runtime": 65, "_step": 97, "val_loss_iter": 0.35410189628601074, "train_loss_epoch": 487.23284912109375, "Confusion Matrix": {"_type": "image-file", "sha256": "b7f72577647fa7e73bfd4ef78a2b3c7b4a08e2f2842ec361566bdb8281ae9244", "size": 14105, "path": "media/images/Confusion Matrix_96_b7f72577647fa7e73bfd.png", "format": "png", "width": 640, "height": 480, "caption": "test"}, "test_loss": 0.34918034076690674, "_wandb": {"runtime": 65}}