{"val_loss_iter": 0.33536484837532043, "val_loss_epoch": 125.76185607910156, "epoch": 2, "trainer/global_step": 4499, "_timestamp": 1654152184, "_runtime": 61, "_step": 2, "_wandb": {"runtime": 59}}