{"train_loss_iter": 0.4197438955307007, "epoch": 0, "trainer/global_step": 1499, "_timestamp": 1654180106, "_runtime": 23, "_step": 30, "val_loss_iter": 0.3328457474708557, "_wandb": {"runtime": 21}}