{"Confusion Matrix": {"_type": "image-file", "sha256": "33c9f0ff9b67b9718d7a24c4c36732cc8b412250fbd312fad34921b9957937e6", "size": 16203, "path": "media/images/Confusion Matrix_97_33c9f0ff9b67b9718d7a.png", "format": "png", "width": 1000, "height": 500, "caption": "test"}, "_timestamp": 1654184627, "_runtime": 68, "_step": 100, "train_loss_iter": 0.20606745779514313, "epoch": 3, "trainer/global_step": 4500, "val_loss_iter": 0.35452625155448914, "train_loss_epoch": 491.4946594238281, "test_loss": 0.3619813323020935, "_wandb": {"runtime": 67}}