{"Confusion matrix": {"_type": "image-file", "sha256": "52c1e45fed430c7a7930a6cf7a0775eb5ef785bfc4f35647cb3f633bd4a0aafc", "size": 19102, "path": "media/images/Confusion matrix_167_52c1e45fed430c7a7930.png", "format": "png", "width": 1500, "height": 1000, "caption": "CM"}, "_timestamp": 1654703932, "_runtime": 199, "_step": 169, "train loss: ": 0.3126983046531677, "train accuracy: ": 0.875, "epoch": 10, "trainer/global_step": 7420, "val loss: ": 1.4489809274673462, "val accuracy: ": 0.539020299911499, "dim:": 7.0, "test accuracy: ": 0.5319030284881592, "_wandb": {"runtime": 198}}