{"Confusion matrix": {"_type": "image-file", "sha256": "1da9378e2b3c5a6a93f27a2b188820febf8f68c73771407930e7574885dc2d44", "size": 19151, "path": "media/images/Confusion matrix_116_1da9378e2b3c5a6a93f2.png", "format": "png", "width": 1500, "height": 1000, "caption": "CM"}, "_timestamp": 1654703274, "_runtime": 147, "_step": 118, "train loss: ": 0.15477418899536133, "train accuracy: ": 0.90625, "epoch": 7, "trainer/global_step": 5194, "val loss: ": 1.747186303138733, "val accuracy: ": 0.5922297239303589, "dim:": 7.0, "test accuracy: ": 0.584006667137146, "_wandb": {"runtime": 146}}