{"Confusion matrix": {"_type": "image-file", "sha256": "b935384fefb630ad55d25a550eb10df2b7aedcef5cd161fe17750ef137396eac", "size": 20566, "path": "media/images/Confusion matrix_198_b935384fefb630ad55d2.png", "format": "png", "width": 1500, "height": 1000, "caption": "CM"}, "_timestamp": 1654622706, "_runtime": 226, "_step": 200, "train loss: ": 0.419516921043396, "train accuracy: ": 0.8125, "epoch": 10, "trainer/global_step": 8970, "val loss: ": 1.4386502504348755, "val accuracy: ": 0.5950055718421936, "test loss: ": 0.4944767951965332, "test accuracy: ": 0.8515537977218628, "_wandb": {"runtime": 224}}