{"Confusion matrix": {"_type": "image-file", "sha256": "594f77a7a15c03cf073d7df1ab0274560a3acb8134b11ff8a3a72e22498dd7c1", "size": 15142, "path": "media/images/Confusion matrix_2186_594f77a7a15c03cf073d.png", "format": "png", "width": 1500, "height": 1000, "caption": "CM"}, "_timestamp": 1654612691, "_runtime": 560, "_step": 2187, "train loss: ": 0.54625403881073, "train accuracy: ": 0.78125, "epoch": 8, "trainer/global_step": 8072, "val loss: ": 1.4990395307540894, "val accuracy: ": 0.5856584906578064, "_wandb": {"runtime": 559}}