{"Confusion matrix": {"_type": "image-file", "sha256": "172807b83e8b501dc54544ca6f53861b028e073f4b78edc1971951bd1cd74990", "size": 20140, "path": "media/images/Confusion matrix_118_172807b83e8b501dc545.png", "format": "png", "width": 1500, "height": 1000, "caption": "CM"}, "_timestamp": 1654616336, "_runtime": 136, "_step": 119, "train loss: ": 0.9248860478401184, "train accuracy: ": 0.59375, "epoch": 5, "trainer/global_step": 5381, "val loss: ": 1.1721813678741455, "val accuracy: ": 0.5725446343421936, "_wandb": {"runtime": 135}}