{"train_loss_iter": 0.3281137943267822, "epoch": 3, "trainer/global_step": 4499, "_timestamp": 1654183218, "_runtime": 271, "_step": 260, "val_loss_iter": 0.3692936599254608, "train_loss_epoch": 489.7065734863281, "Confusion Matrix": {"_type": "image-file", "sha256": "2ab5ec1534b7433d14025a136d809fd2c8d34251eb231a457ad25576f633fc48", "size": 36142, "path": "media/images/Confusion Matrix_260_2ab5ec1534b7433d1402.png", "format": "png", "width": 640, "height": 480, "caption": "test"}, "_wandb": {"runtime": 270}}