{"train_loss_iter": 0.2992740571498871, "epoch": 3, "trainer/global_step": 4499, "_timestamp": 1654182838, "_runtime": 57, "_step": 95, "val_loss_iter": 0.3728427290916443, "train_loss_epoch": 491.0706481933594, "_wandb": {"runtime": 56}}