{"val_loss_iter": 0.3993013799190521, "val_loss_epoch": 0.39930132031440735, "epoch": 2, "trainer/global_step": 4499, "_timestamp": 1654150793, "_runtime": 58, "_step": 2, "_wandb": {"runtime": 57}}