{"val_loss_iter": 0.3760860562324524, "val_loss_epoch": 0.3760858476161957, "epoch": 0, "trainer/global_step": 1499, "_timestamp": 1654150657, "_runtime": 23, "_step": 0, "_wandb": {"runtime": 21}}