{"Confusion matrix": {"_type": "image-file", "sha256": "46c2d9da1d383666f5f5b232c256f11e3ab41c0cfed2438670f8c56144e8fc2f", "size": 21040, "path": "media/images/Confusion matrix_138_46c2d9da1d383666f5f5.png", "format": "png", "width": 1500, "height": 1000, "caption": "CM"}, "_timestamp": 1654618694, "_runtime": 152, "_step": 139, "train loss: ": 1.2201303243637085, "train accuracy: ": 0.5, "epoch": 6, "trainer/global_step": 6278, "val loss: ": 1.1394625902175903, "val accuracy: ": 0.5934709906578064, "_wandb": {"runtime": 151}}