{"train_loss_iter": 0.8077566027641296, "epoch": 3, "trainer/global_step": 4499, "_timestamp": 1654182493, "_runtime": 139, "_step": 185, "val_loss_iter": 0.35717180371284485, "train_loss_epoch": 480.2065124511719, "Confusion Matrix": {"_type": "image-file", "sha256": "e29a9ddc2565f9c16bb8241fb3b0cc6d43edc40a7883fe8d646fac0dfca4e1e8", "size": 33179, "path": "media/images/Confusion Matrix_185_e29a9ddc2565f9c16bb8.png", "format": "png", "width": 640, "height": 480, "caption": "test_image"}, "_wandb": {"runtime": 138}}