{"Confusion Matrix": {"_type": "image-file", "sha256": "d11027fcf73947f4b216b100744deb7fa796dbcdbb3e10133281538b24267a1b", "size": 20589, "path": "media/images/Confusion Matrix_97_d11027fcf73947f4b216.png", "format": "png", "width": 640, "height": 480, "caption": "test"}, "_timestamp": 1654184056, "_runtime": 64, "_step": 100, "train_loss_iter": 0.11047504842281342, "epoch": 3, "trainer/global_step": 4500, "val_loss_iter": 0.36974626779556274, "train_loss_epoch": 482.44171142578125, "test_loss": 0.3292335271835327, "_wandb": {"runtime": 63}}