{"Confusion matrix": {"_type": "image-file", "sha256": "d75335136b6c44f8156dfcafa99b7286d991745a91c67d92ff8ea55566f44b22", "size": 15230, "path": "media/images/Confusion matrix_31_d75335136b6c44f8156d.png", "format": "png", "width": 1500, "height": 1000, "caption": "CM"}, "_timestamp": 1654230601, "_runtime": 26, "_step": 34, "train_loss_iter": 0.2117791622877121, "epoch": 1, "trainer/global_step": 1500, "val_loss_iter": 0.35490959882736206, "train_loss_epoch": 560.9630737304688, "test_loss": 0.3268168866634369, "_wandb": {"runtime": 25}}