{"train loss: ": 1.2214792966842651, "train accuracy: ": 0.46875, "epoch": 0, "trainer/global_step": 549, "_timestamp": 1654610039, "_runtime": 14, "_step": 10, "_wandb": {"runtime": 14}}